stage	instance	timeout_seconds	reason
exact-random	exact-random|phi2|32|4|20	240	Z3 timed out: timeout
exact-random	exact-random|phi2|32|4|38	240	Z3 timed out: timeout
exact-random	exact-random|phi2|32|4|43	240	Z3 timed out: timeout
exact-random	exact-random|phi2|32|4|61	240	Z3 timed out: timeout
exact-random	exact-random|phi2|32|8|0	240	Z3 timed out: timeout
exact-random	exact-random|phi2|32|8|1	240	Z3 timed out: timeout
exact-random	exact-random|phi2|32|8|5	240	Z3 timed out: timeout
exact-random	exact-random|phi2|32|8|6	240	Z3 timed out: timeout
exact-random	exact-random|phi2|32|8|10	240	Z3 timed out: timeout
exact-random	exact-random|phi2|32|8|12	240	Z3 timed out: timeout
exact-random	exact-random|phi2|32|8|15	240	Z3 timed out: timeout
exact-random	exact-random|phi2|32|8|16	240	Z3 timed out: timeout
exact-random	exact-random|phi2|32|8|20	240	Z3 timed out: timeout
exact-random	exact-random|phi2|32|8|21	240	Z3 timed out: timeout
exact-random	exact-random|phi2|32|8|23	240	Z3 timed out: timeout
exact-random	exact-random|phi2|32|8|24	240	Z3 timed out: timeout
exact-random	exact-random|phi2|32|8|26	240	Z3 timed out: timeout
exact-random	exact-random|phi2|32|8|30	240	Z3 timed out: timeout
exact-random	exact-random|phi2|32|8|31	240	Z3 timed out: timeout
exact-random	exact-random|phi2|32|8|34	240	Z3 timed out: timeout
exact-random	exact-random|phi2|32|8|38	240	Z3 timed out: timeout
exact-random	exact-random|phi2|32|8|40	240	Z3 timed out: timeout
exact-random	exact-random|phi2|32|8|42	240	Z3 timed out: timeout
exact-random	exact-random|phi2|32|8|43	240	Z3 timed out: timeout
exact-random	exact-random|phi2|32|8|44	240	Z3 timed out: timeout
exact-random	exact-random|phi2|32|8|46	240	Z3 timed out: timeout
exact-random	exact-random|phi2|32|8|50	240	Z3 timed out: timeout
exact-random	exact-random|phi2|32|8|53	240	Z3 timed out: timeout
exact-random	exact-random|phi2|32|8|55	240	Z3 timed out: timeout
exact-random	exact-random|phi2|32|8|56	240	Z3 timed out: timeout
exact-random	exact-random|phi2|32|8|57	240	Z3 timed out: timeout
exact-random	exact-random|phi2|32|8|58	240	Z3 timed out: timeout
exact-random	exact-random|phi2|32|8|59	240	Z3 timed out: timeout
exact-random	exact-random|phi2|32|8|61	240	Z3 timed out: timeout
exact-random	exact-random|phi2|32|8|62	240	Z3 timed out: timeout
exact-random	exact-random|phi2|32|8|63	240	Z3 timed out: timeout
exact-random	exact-random|phi2|32|8|65	240	Z3 timed out: timeout
exact-random	exact-random|phi2|32|8|66	240	Z3 timed out: timeout
exact-random	exact-random|phi2|32|8|71	240	Z3 timed out: timeout
exact-random	exact-random|phi2|32|8|72	240	Z3 timed out: timeout
exact-random	exact-random|phi2|32|8|74	240	Z3 timed out: timeout
exact-random	exact-random|phi2|32|8|75	240	Z3 timed out: timeout
exact-random	exact-random|phi2|32|8|79	240	Z3 timed out: timeout
exact-random	exact-random|phi2|32|8|81	240	Z3 timed out: timeout
exact-random	exact-random|phi2|32|8|83	240	Z3 timed out: timeout
exact-random	exact-random|phi2|32|8|85	240	Z3 timed out: timeout
exact-random	exact-random|phi2|32|8|87	240	Z3 timed out: timeout
exact-random	exact-random|phi2|32|8|88	240	Z3 timed out: timeout
exact-random	exact-random|phi2|32|8|89	240	Z3 timed out: timeout
exact-random	exact-random|phi2|32|8|91	240	Z3 timed out: timeout
exact-random	exact-random|phi2|32|8|92	240	Z3 timed out: timeout
exact-random	exact-random|phi2|32|8|94	240	Z3 timed out: timeout
exact-random	exact-random|phi2|32|8|95	240	Z3 timed out: timeout
exact-random	exact-random|phi2|32|8|98	240	Z3 timed out: timeout
exact-random	exact-random|phi2|32|8|99	240	Z3 timed out: timeout
exact-random	exact-random|phi3|32|8|37	240	Z3 timed out: timeout
