formula,d,eps,Delta,speedup,incr wall time,time per portion
Psi 1,16,2,4,1.9705644576060957,6.306e-05,1.5765e-05
Psi 1,16,2,8,1.2943530109914152,6.039e-05,3.0195e-05
Psi 1,16,2,16,0.9031646203088326,6.457e-05,6.457e-05
Psi 1,16,4,8,1.1459059561163247,0.00014129,7.0645e-05
Psi 1,16,4,16,0.9126862124152473,0.00014308,0.00014308
Psi 1,16,8,16,0.9287960863049873,0.00021052999999999998,0.00021052999999999998
Psi 1,32,2,4,3.8236519413725336,0.00014048,1.756e-05
Psi 1,32,2,8,2.218934245115868,0.00013790999999999999,3.4477499999999996e-05
Psi 1,32,2,16,1.3429905926567156,0.00013824,6.912e-05
Psi 1,32,2,32,0.9320013049195134,0.00013973,0.00013973
Psi 1,32,4,8,2.0444303700757542,0.00035316,8.829e-05
Psi 1,32,4,16,1.3084242120540133,0.00034106999999999996,0.00017053499999999998
Psi 1,32,4,32,0.9930218167159544,0.00032828999999999996,0.00032828999999999996
Psi 1,32,8,16,1.2030844500176672,0.00086103,0.000430515
Psi 1,32,8,32,1.0065818826098893,0.0008525399999999999,0.0008525399999999999
Psi 1,64,2,4,7.712968522066805,0.00027901,1.7438125e-05
Psi 1,64,2,8,4.167467391584806,0.00027201,3.400125e-05
Psi 1,64,2,16,2.3102716349229597,0.00027356,6.839e-05
Psi 1,64,2,32,1.3961802291513092,0.00027638,0.00013819
Psi 1,64,4,8,4.086020079061619,0.0007173899999999999,8.967374999999999e-05
Psi 1,64,4,16,2.318177813326389,0.00070411,0.0001760275
Psi 1,64,4,32,1.4239112419761175,0.0007128600000000001,0.00035643000000000003
Psi 1,64,8,16,2.173921722368356,0.00209202,0.000523005
Psi 1,64,8,32,1.3661493221733378,0.0021266699999999998,0.0010633349999999999
Psi 1,128,2,4,15.42351431988756,0.00056942,1.7794375e-05
Psi 1,128,2,8,7.909630926247608,0.00056649,3.5405625e-05
Psi 1,128,2,16,4.287684211753083,0.00055232,6.904e-05
Psi 1,128,2,32,2.348760090606548,0.00056215,0.0001405375
Psi 1,128,4,8,8.124867785953386,0.00150397,9.3998125e-05
Psi 1,128,4,16,4.365604223653026,0.00147649,0.00018456125
Psi 1,128,4,32,2.4076908009482914,0.0015017,0.000375425
Psi 1,128,8,16,4.277124546390655,0.00466523,0.00058315375
Psi 1,128,8,32,2.345070618140655,0.00477734,0.001194335
Psi 1,256,2,4,31.269686261242875,0.00114397,1.787453125e-05
Psi 1,256,2,8,15.735956926360991,0.00114433,3.57603125e-05
Psi 1,256,2,16,8.345901122944783,0.00110481,6.9050625e-05
Psi 1,256,2,32,4.300884262889349,0.00113543,0.00014192875
Psi 1,256,4,8,16.202861899058178,0.00305405,9.54390625e-05
Psi 1,256,4,16,8.398651016777121,0.0030165799999999996,0.00018853624999999998
Psi 1,256,4,32,4.35661429236512,0.00308141,0.00038517625
Psi 1,256,8,16,8.341246479020057,0.00971343,0.000607089375
Psi 1,256,8,32,4.296267758125017,0.0099969,0.0012496125
Psi 1,512,2,4,64.62490060193544,0.00229891,1.7960234375e-05
Psi 1,512,2,8,32.39774990101469,0.00228937,3.577140625e-05
Psi 1,512,2,16,16.965688544869934,0.0022155,6.9234375e-05
Psi 1,512,2,32,8.497572208380785,0.0022756499999999997,0.00014222812499999998
Psi 1,512,4,8,32.59871451563742,0.00616391,9.631109375e-05
Psi 1,512,4,16,16.897134616531996,0.006002039999999999,0.00018756374999999998
Psi 1,512,4,32,8.391753384778447,0.006228979999999999,0.00038931124999999996
Psi 1,512,8,16,16.39880706084668,0.019994019999999998,0.0006248131249999999
Psi 1,512,8,32,8.208428207818862,0.02061197,0.001288248125
Psi 2,16,2,4,1.8712469709941886,6.578e-05,1.6445e-05
Psi 2,16,2,8,1.2362758107615681,6.289e-05,3.1445e-05
Psi 2,16,2,16,0.8825533546476646,6.399e-05,6.399e-05
Psi 2,16,4,8,1.1581248154878814,0.00013734,6.867e-05
Psi 2,16,4,16,0.9265637660522674,0.00013685000000000002,0.00013685000000000002
Psi 2,16,8,16,0.9473098780621868,0.00020161000000000002,0.00020161000000000002
Psi 2,32,2,4,3.865121832001204,0.00013671,1.708875e-05
Psi 2,32,2,8,2.2589485828428377,0.00013217,3.30425e-05
Psi 2,32,2,16,1.3553219500842026,0.00013561,6.7805e-05
Psi 2,32,2,32,0.9501967329907675,0.00013357,0.00013357
Psi 2,32,4,8,2.134070125197843,0.00033354,8.3385e-05
Psi 2,32,4,16,1.346712937730361,0.00032898000000000004,0.00016449000000000002
Psi 2,32,4,32,0.9780522307231163,0.00032697,0.00032697
Psi 2,32,8,16,1.193053904424615,0.00086699,0.000433495
Psi 2,32,8,32,0.9963566338449616,0.00085094,0.00085094
Psi 2,64,2,4,7.627050964541211,0.00028081000000000004,1.7550625000000003e-05
Psi 2,64,2,8,4.140012550072808,0.00027196,3.3995e-05
Psi 2,64,2,16,2.3145659024821548,0.0002725,6.8125e-05
Psi 2,64,2,32,1.3923117700135412,0.0002763,0.00013815
Psi 2,64,4,8,4.0509474908166645,0.00072033,9.004125e-05
Psi 2,64,4,16,2.31358639616075,0.0007044,0.0001761
Psi 2,64,4,32,1.4047809163849152,0.00071442,0.00035721
Psi 2,64,8,16,2.167592432891715,0.00209387,0.0005234675
Psi 2,64,8,32,1.359817997504905,0.00213656,0.00106828
Psi 2,128,2,4,15.542997829946268,0.00057029,1.78215625e-05
Psi 2,128,2,8,7.9083629237335495,0.00056752,3.547e-05
Psi 2,128,2,16,4.2679751977166465,0.0005535,6.91875e-05
Psi 2,128,2,32,2.346669333805654,0.00056349,0.0001408725
Psi 2,128,4,8,8.098512592104878,0.00150729,9.4205625e-05
Psi 2,128,4,16,4.338871495164788,0.00148723,0.00018590375
Psi 2,128,4,32,2.3755286961331294,0.00151286,0.000378215
Psi 2,128,8,16,4.246341472119055,0.00467533,0.00058441625
Psi 2,128,8,32,2.3163751106698998,0.0047813099999999996,0.0011953274999999999
Psi 2,256,2,4,30.92630821710111,0.00115691,1.807671875e-05
Psi 2,256,2,8,15.674500039249885,0.00114509,3.57840625e-05
Psi 2,256,2,16,8.279140302288692,0.00110917,6.9323125e-05
Psi 2,256,2,32,4.27066339511909,0.00113906,0.0001423825
Psi 2,256,4,8,16.048591757178375,0.0030564600000000004,9.551437500000001e-05
Psi 2,256,4,16,8.404988447453247,0.00299408,0.00018713
Psi 2,256,4,32,4.3181687013393875,0.00308278,0.0003853475
Psi 2,256,8,16,8.270294847208502,0.009702849999999999,0.0006064281249999999
Psi 2,256,8,32,4.270141927001863,0.00997764,0.001247205
Psi 2,512,2,4,64.623669514543,0.00229324,1.79159375e-05
Psi 2,512,2,8,32.02617104741923,0.00229764,3.5900625e-05
Psi 2,512,2,16,16.756070615687303,0.00221891,6.93409375e-05
Psi 2,512,2,32,8.385933033092666,0.00229079,0.000143174375
Psi 2,512,4,8,32.20154492033394,0.006181809999999999,9.659078124999999e-05
Psi 2,512,4,16,16.80425230430117,0.00598225,0.0001869453125
Psi 2,512,4,32,8.308962520009985,0.006227740000000001,0.00038923375000000004
Psi 2,512,8,16,16.260747059137127,0.01998699,0.0006245934375
Psi 2,512,8,32,8.080027643654194,0.02074163,0.001296351875
Psi 3,16,2,4,1.9739806233665085,6.269999999999999e-05,1.5674999999999998e-05
Psi 3,16,2,8,1.2790214190057896,6.165000000000001e-05,3.0825000000000004e-05
Psi 3,16,2,16,0.9159862208119678,6.365e-05,6.365e-05
Psi 3,16,4,8,1.1558916225126383,0.00013742,6.871e-05
Psi 3,16,4,16,0.9281165158652668,0.00013956,0.00013956
Psi 3,16,8,16,0.9349139678296052,0.00020579,0.00020579
Psi 3,32,2,4,3.8531340962791565,0.00014045,1.755625e-05
Psi 3,32,2,8,2.244619175204105,0.00013613999999999998,3.4034999999999995e-05
Psi 3,32,2,16,1.3579872616418518,0.00013852,6.926e-05
Psi 3,32,2,32,0.9440090039759697,0.0001379,0.0001379
Psi 3,32,4,8,2.092474244012423,0.00034408,8.602e-05
Psi 3,32,4,16,1.2947386613223875,0.00034585999999999997,0.00017292999999999999
Psi 3,32,4,32,0.9367788398019699,0.00034646000000000004,0.00034646000000000004
Psi 3,32,8,16,1.1936306547264584,0.00087097,0.000435485
Psi 3,32,8,32,0.989421540371389,0.00084424,0.00084424
Psi 3,64,2,4,7.70926946579928,0.00027775,1.7359375e-05
Psi 3,64,2,8,4.22582427267762,0.00026879,3.359875e-05
Psi 3,64,2,16,2.3420013546065017,0.00027147,6.78675e-05
Psi 3,64,2,32,1.4122147536411216,0.00027617,0.000138085
Psi 3,64,4,8,4.100011421129489,0.00070599,8.824875e-05
Psi 3,64,4,16,2.297189020250574,0.00070537,0.0001763425
Psi 3,64,4,32,1.4127008595323178,0.00071459,0.000357295
Psi 3,64,8,16,2.142722913726759,0.0021073900000000002,0.0005268475000000001
Psi 3,64,8,32,1.3607342627047307,0.00211509,0.001057545
Psi 3,128,2,4,15.52246503408349,0.00057071,1.78346875e-05
Psi 3,128,2,8,8.207328056282615,0.00054979,3.4361875e-05
Psi 3,128,2,16,4.325636965522468,0.00055191,6.898875e-05
Psi 3,128,2,32,2.351847343897435,0.00056411,0.0001410275
Psi 3,128,4,8,8.159585386118831,0.0014992900000000001,9.370562500000001e-05
Psi 3,128,4,16,4.359879610576001,0.00147876,0.000184845
Psi 3,128,4,32,2.3901759296118366,0.00150792,0.00037698
Psi 3,128,8,16,4.228640361837353,0.00465669,0.00058208625
Psi 3,128,8,32,2.3143173707871236,0.0047592400000000005,0.0011898100000000001
Psi 3,256,2,4,31.56161462430435,0.00114,1.78125e-05
Psi 3,256,2,8,15.964213182756046,0.00113526,3.5476875e-05
Psi 3,256,2,16,8.420321972669514,0.00110545,6.9090625e-05
Psi 3,256,2,32,4.312978130550295,0.00114132,0.000142665
Psi 3,256,4,8,16.250967275982,0.00303388,9.480875e-05
Psi 3,256,4,16,8.4672094192082,0.00298572,0.0001866075
Psi 3,256,4,32,4.314567100387967,0.00309165,0.00038645625
Psi 3,256,8,16,8.239706431475101,0.00970305,0.000606440625
Psi 3,256,8,32,4.262435020599574,0.009951950000000001,0.0012439937500000001
Psi 3,512,2,4,65.50687699812532,0.00228015,1.7813671875e-05
Psi 3,512,2,8,32.94365924885367,0.00226821,3.544078125e-05
Psi 3,512,2,16,17.082106987581554,0.00220667,6.89584375e-05
Psi 3,512,2,32,8.558010083550677,0.00227166,0.00014197875
Psi 3,512,4,8,32.62827875268831,0.0061366500000000004,9.588515625000001e-05
Psi 3,512,4,16,16.737466746313565,0.00605223,0.0001891321875
Psi 3,512,4,32,8.351275512177828,0.0062612100000000006,0.00039132562500000003
Psi 3,512,8,16,16.297937617831877,0.02000696,0.0006252175
Psi 3,512,8,32,8.174118496641093,0.02065281,0.001290800625
Psi 4,16,2,4,1.8685585790251138,6.716e-05,1.679e-05
Psi 4,16,2,8,1.2283275522083998,6.418e-05,3.209e-05
Psi 4,16,2,16,0.87034569194401,6.536e-05,6.536e-05
Psi 4,16,4,8,1.13278614126611,0.00014155,7.0775e-05
Psi 4,16,4,16,0.9273980126464455,0.0001379,0.0001379
Psi 4,16,8,16,0.9502743161810447,0.00020140999999999998,0.00020140999999999998
Psi 4,32,2,4,3.9181402609631615,0.00013858000000000002,1.7322500000000002e-05
Psi 4,32,2,8,2.1914986171956645,0.00014146999999999999,3.5367499999999996e-05
Psi 4,32,2,16,1.3531490408154068,0.00013757,6.8785e-05
Psi 4,32,2,32,0.9531256638267293,0.00013518999999999998,0.00013518999999999998
Psi 4,32,4,8,2.123301222373523,0.00033724,8.431e-05
Psi 4,32,4,16,1.35629144273741,0.00032972000000000003,0.00016486000000000002
Psi 4,32,4,32,0.9811844419037622,0.0003275,0.0003275
Psi 4,32,8,16,1.220640113573069,0.0008493299999999999,0.00042466499999999996
Psi 4,32,8,32,0.995566406773905,0.0008468000000000001,0.0008468000000000001
Psi 4,64,2,4,7.582006652766455,0.00028644,1.79025e-05
Psi 4,64,2,8,3.9931875294790316,0.00028767,3.595875e-05
Psi 4,64,2,16,2.28936332930254,0.00027883000000000004,6.970750000000001e-05
Psi 4,64,2,32,1.3905895859432755,0.00028166,0.00014083
Psi 4,64,4,8,4.077099274611714,0.0007194100000000001,8.992625000000001e-05
Psi 4,64,4,16,2.3142259444296185,0.0007081800000000001,0.00017704500000000002
Psi 4,64,4,32,1.400445106484468,0.00072575,0.000362875
Psi 4,64,8,16,2.1845254453402485,0.00208484,0.00052121
Psi 4,64,8,32,1.3643108621606566,0.00211802,0.00105901
Psi 4,128,2,4,15.2395136596526,0.00058735,1.83546875e-05
Psi 4,128,2,8,7.803579283384113,0.00057942,3.621375e-05
Psi 4,128,2,16,4.2504656787245265,0.00056228,7.0285e-05
Psi 4,128,2,32,2.349786334663611,0.00056978,0.000142445
Psi 4,128,4,8,8.150706054793272,0.0015036,9.3975e-05
Psi 4,128,4,16,4.375943888991044,0.0014802499999999998,0.00018503124999999997
Psi 4,128,4,32,2.3748972013322653,0.00151951,0.0003798775
Psi 4,128,8,16,4.2844708364164354,0.00462252,0.000577815
Psi 4,128,8,32,2.346924155476088,0.0047414,0.00118535
Psi 4,256,2,4,30.794283160528085,0.00116754,1.82428125e-05
Psi 4,256,2,8,15.51354419775019,0.00116883,3.65259375e-05
Psi 4,256,2,16,8.25746293932285,0.00112889,7.0555625e-05
Psi 4,256,2,32,4.284058500250384,0.00115149,0.00014393625
Psi 4,256,4,8,16.139142924161558,0.00306039,9.56371875e-05
Psi 4,256,4,16,8.474037042980807,0.00297782,0.00018611375
Psi 4,256,4,32,4.348503569208559,0.0030878499999999996,0.00038598124999999995
Psi 4,256,8,16,8.382737173272831,0.00956994,0.00059812125
Psi 4,256,8,32,4.317093722186165,0.00986939,0.00123367375
Psi 4,512,2,4,64.13955485874676,0.00232654,1.817609375e-05
Psi 4,512,2,8,32.17710022934245,0.0023196,3.624375e-05
Psi 4,512,2,16,16.91506803996514,0.00223156,6.973625e-05
Psi 4,512,2,32,8.444714908184032,0.00230961,0.000144350625
Psi 4,512,4,8,32.488867938643885,0.006159609999999999,9.624390624999999e-05
Psi 4,512,4,16,16.964209704071116,0.005976090000000001,0.00018675281250000002
Psi 4,512,4,32,8.397618690037863,0.0062312800000000005,0.00038945500000000003
Psi 4,512,8,16,16.3651858854052,0.01996119,0.0006237871875
Psi 4,512,8,32,8.169128732250343,0.02057376,0.00128586
Psi 5,16,2,4,2.0585213620673937,0.00023279,5.81975e-05
Psi 5,16,2,8,1.3077112721703004,0.00022710000000000002,0.00011355000000000001
Psi 5,16,2,16,0.9447479931326949,0.00022176000000000002,0.00022176000000000002
Psi 5,16,4,8,1.2466119689493786,0.00032452,0.00016226
Psi 5,16,4,16,0.9544857053758798,0.00031489999999999996,0.00031489999999999996
Psi 5,16,8,16,0.957534262407186,0.00040116,0.00040116
Psi 5,32,2,4,3.969741767157087,0.0004934000000000001,6.167500000000001e-05
Psi 5,32,2,8,2.2684861767341618,0.00048307000000000005,0.00012076750000000001
Psi 5,32,2,16,1.4138934942731896,0.00047342,0.00023671
Psi 5,32,2,32,0.9781982989999753,0.00046852,0.00046852
Psi 5,32,4,8,2.2129130349817334,0.0007346700000000001,0.00018366750000000002
Psi 5,32,4,16,1.393347376616596,0.00071926,0.00035963
Psi 5,32,4,32,0.9803531465650657,0.0007185,0.0007185
Psi 5,32,8,16,1.2774347120522032,0.0013245199999999998,0.0006622599999999999
Psi 5,32,8,32,0.9845706346190739,0.00132685,0.00132685
Psi 5,64,2,4,7.723561789251294,0.0010201799999999999,6.376124999999999e-05
Psi 5,64,2,8,4.191710370860014,0.00099234,0.0001240425
Psi 5,64,2,16,2.395720749340676,0.00097024,0.00024256
Psi 5,64,2,32,1.448411485343154,0.0009679500000000001,0.00048397500000000004
Psi 5,64,4,8,4.158222368945636,0.0015570100000000002,0.00019462625000000002
Psi 5,64,4,16,2.3726493716688624,0.00152096,0.00038024
Psi 5,64,4,32,1.4379733900967653,0.0015325199999999999,0.0007662599999999999
Psi 5,64,8,16,2.228442807382162,0.0031199599999999997,0.0007799899999999999
Psi 5,64,8,32,1.3803739558973995,0.00316609,0.001583045
Psi 5,128,2,4,15.284196010539354,0.00205867,6.43334375e-05
Psi 5,128,2,8,8.004865276225036,0.0020131899999999998,0.00012582437499999999
Psi 5,128,2,16,4.277706025476946,0.00200212,0.000250265
Psi 5,128,2,32,2.398358503076665,0.00199029,0.0004975725
Psi 5,128,4,8,8.033781910737455,0.0032440000000000004,0.00020275000000000002
Psi 5,128,4,16,4.34693300177317,0.00317667,0.00039708375
Psi 5,128,4,32,2.3877060335823486,0.00322204,0.00080551
Psi 5,128,8,16,4.207600449941193,0.00691141,0.00086392625
Psi 5,128,8,32,2.3245784062731847,0.007023120000000001,0.0017557800000000002
Psi 5,256,2,4,29.756265841485998,0.00417338,6.52090625e-05
Psi 5,256,2,8,15.425129221040937,0.00405882,0.000126838125
Psi 5,256,2,16,8.15627183436868,0.00395459,0.000247161875
Psi 5,256,2,32,4.293884344256861,0.00398505,0.00049813125
Psi 5,256,4,8,15.642654771382208,0.0065416,0.000204425
Psi 5,256,4,16,8.245685783529934,0.0063766,0.0003985375
Psi 5,256,4,32,4.300736935265205,0.0065011900000000004,0.0008126487500000001
Psi 5,256,8,16,8.101228051257095,0.01427961,0.000892475625
Psi 5,256,8,32,4.23920349678203,0.014465559999999999,0.0018081949999999999
Psi 5,512,2,4,58.51691607323623,0.00848455,6.6285546875e-05
Psi 5,512,2,8,30.22920849081337,0.00824085,0.00012876328125
Psi 5,512,2,16,15.802573600394853,0.00799395,0.0002498109375
Psi 5,512,2,32,8.07751096775415,0.00806381,0.000503988125
Psi 5,512,4,8,31.118475185816177,0.01314303,0.00020535984375
Psi 5,512,4,16,16.13581417691886,0.01286497,0.0004020303125
Psi 5,512,4,32,8.282048180953257,0.01291201,0.000807000625
Psi 5,512,8,16,16.136832065198064,0.029046680000000002,0.0009077087500000001
Psi 5,512,8,32,8.091744643440531,0.02966883,0.001854301875
Psi 6,16,2,4,1.9327689184621415,0.00022841,5.71025e-05
Psi 6,16,2,8,1.2667602614282623,0.00022459,0.000112295
Psi 6,16,2,16,0.9303126973589998,0.00021690000000000001,0.00021690000000000001
Psi 6,16,4,8,1.1957412211226808,0.0003189,0.00015945
Psi 6,16,4,16,0.9449885341578859,0.00030852,0.00030852
Psi 6,16,8,16,0.953028518714337,0.00038909,0.00038909
Psi 6,32,2,4,3.8075781769615356,0.0005006499999999999,6.258124999999999e-05
Psi 6,32,2,8,2.20117899564992,0.00048855,0.0001221375
Psi 6,32,2,16,1.381591770479454,0.00047548,0.00023774
Psi 6,32,2,32,0.962069333143218,0.00047029,0.00047029
Psi 6,32,4,8,2.148673150458499,0.00074589,0.0001864725
Psi 6,32,4,16,1.3683054577337443,0.0007295600000000001,0.00036478000000000004
Psi 6,32,4,32,0.9786623512176584,0.0007164,0.0007164
Psi 6,32,8,16,1.2677398043813841,0.00131735,0.000658675
Psi 6,32,8,32,0.9815578981389733,0.00132339,0.00132339
Psi 6,64,2,4,7.493624643285123,0.00103962,6.497625e-05
Psi 6,64,2,8,4.055218962596357,0.00101643,0.00012705375
Psi 6,64,2,16,2.334799448672232,0.00098584,0.00024646
Psi 6,64,2,32,1.4261345283614772,0.00097993,0.000489965
Psi 6,64,4,8,4.1121161710849465,0.00155786,0.0001947325
Psi 6,64,4,16,2.3596307165524872,0.00152345,0.0003808625
Psi 6,64,4,32,1.430615159860694,0.0015417500000000002,0.0007708750000000001
Psi 6,64,8,16,2.2301362026230085,0.0031103199999999998,0.0007775799999999999
Psi 6,64,8,32,1.3801110703030175,0.0031609,0.00158045
Psi 6,128,2,4,14.660509024796886,0.0021297399999999998,6.655437499999999e-05
Psi 6,128,2,8,7.775055471037077,0.00206178,0.00012886125
Psi 6,128,2,16,4.236091609010222,0.00201067,0.00025133375
Psi 6,128,2,32,2.3633945242262033,0.00201285,0.0005032125
Psi 6,128,4,8,7.8974285788140115,0.00327764,0.0002048525
Psi 6,128,4,16,4.3073062744079,0.0031828,0.00039785
Psi 6,128,4,32,2.3838801522732425,0.00321936,0.00080484
Psi 6,128,8,16,4.197562241007337,0.00691018,0.0008637725
Psi 6,128,8,32,2.315276054475248,0.00703662,0.001759155
Psi 6,256,2,4,29.15011031068454,0.00425004,6.6406875e-05
Psi 6,256,2,8,15.182556301191475,0.00412734,0.000128979375
Psi 6,256,2,16,8.095398948110118,0.00398834,0.00024927125
Psi 6,256,2,32,4.266873634236081,0.00402285,0.00050285625
Psi 6,256,4,8,15.449722550522086,0.00662721,0.0002071003125
Psi 6,256,4,16,8.186773324609348,0.0064329800000000005,0.00040206125000000003
Psi 6,256,4,32,4.268894570507803,0.00654426,0.0008180325
Psi 6,256,8,16,8.057464408064515,0.01436681,0.000897925625
Psi 6,256,8,32,4.21680784630895,0.014528039999999999,0.0018160049999999999
Psi 6,512,2,4,57.63995066081634,0.00866573,6.7701015625e-05
Psi 6,512,2,8,30.172142024572885,0.00832813,0.00013012703125
Psi 6,512,2,16,15.844448206901445,0.008051589999999999,0.00025161218749999997
Psi 6,512,2,32,8.111956572618476,0.008115599999999999,0.0005072249999999999
Psi 6,512,4,8,30.80070508202693,0.01339938,0.0002093653125
Psi 6,512,4,16,16.04278072022579,0.01304025,0.0004075078125
Psi 6,512,4,32,8.169058632678976,0.013219380000000001,0.0008262112500000001
Psi 6,512,8,16,15.821629861522656,0.02962376,0.0009257425
Psi 6,512,8,32,8.062331721476784,0.02997493,0.001873433125
